version,section,filename,function,offset,length,language
us,debugger,debugger,func_16000000,369098752,40,c
us,debugger,debugger,func_16000028,369098792,48,c
us,debugger,debugger,func_16000058,369098840,460,c
us,debugger,debugger,func_16000224,369099300,224,c
us,debugger,debugger,func_16000304,369099524,8,c
us,debugger,debugger,func_1600030C,369099532,8,c
us,debugger,debugger,func_16000314,369099540,112,c
us,debugger,debugger,func_16000384,369099652,160,c
us,debugger,debugger,func_16000424,369099812,364,c
us,debugger,debugger,func_16000590.NON_MATCHING,369100176,0,c
us,debugger,debugger,func_16000590,369100176,316,asm
us,debugger,debugger,func_160006CC.NON_MATCHING,369100492,0,c
us,debugger,debugger,func_160006CC,369100492,192,asm
us,debugger,debugger,func_1600078C.NON_MATCHING,369100684,0,c
us,debugger,debugger,func_1600078C,369100684,720,asm
us,debugger,debugger,func_16000A5C,369101404,184,c
us,debugger,debugger,func_16000B14.NON_MATCHING,369101588,0,c
us,debugger,debugger,func_16000B14,369101588,1144,asm
us,debugger,debugger,func_16000F8C,369102732,0,asm
us,debugger,debugger,func_16000F8C.NON_MATCHING,369102732,184,c
us,debugger,debugger,func_16001044,369102916,0,asm
us,debugger,debugger,func_16001044.NON_MATCHING,369102916,620,c
us,debugger,debugger,func_160012B0,369103536,136,c
us,debugger,debugger,func_16001338,369103672,88,c
us,debugger,debugger,func_16001390.NON_MATCHING,369103760,0,c
us,debugger,debugger,func_16001390,369103760,352,asm
us,debugger,debugger,func_160014F0.NON_MATCHING,369104112,0,c
us,debugger,debugger,func_160014F0,369104112,284,asm
us,debugger,debugger,func_1600160C.NON_MATCHING,369104396,0,c
us,debugger,debugger,func_1600160C,369104396,108,asm
us,debugger,debugger,func_16001678,369104504,0,asm
us,debugger,debugger,func_16001678.NON_MATCHING,369104504,124,c
us,debugger,debugger,func_160016F4,369104628,12,c
us,debugger,debugger_256F80,func_16001700.NON_MATCHING,369104640,0,c
us,debugger,debugger_256F80,func_16001700,369104640,304,asm
us,debugger,debugger_256F80,func_16001830,369104944,0,asm
us,debugger,debugger_256F80,func_16001830.NON_MATCHING,369104944,140,c
us,debugger,debugger_256F80,func_160018BC.NON_MATCHING,369105084,0,c
us,debugger,debugger_256F80,func_160018BC,369105084,200,asm
us,debugger,debugger_256F80,func_16001984,369105284,36,c
us,debugger,debugger_256F80,func_160019A8,369105320,188,c
us,debugger,debugger_256F80,func_16001A64,369105508,8,c
us,debugger,debugger_256F80,func_16001A6C,369105516,68,c
us,debugger,debugger_257330,func_16001AB0,369105584,32,c
us,debugger,debugger_257350,func_16001AD0,369105616,48,c
us,debugger,debugger_257350,func_16001B00,369105664,0,asm
us,debugger,debugger_257350,func_16001B00.NON_MATCHING,369105664,52,c
us,debugger,debugger_257350,func_16001B34,369105716,0,asm
us,debugger,debugger_257350,func_16001B34.NON_MATCHING,369105716,88,c
us,debugger,debugger_257350,func_16001B8C,369105804,40,c
us,debugger,debugger_257350,func_16001BB4,369105844,0,asm
us,debugger,debugger_257350,func_16001BB4.NON_MATCHING,369105844,1608,c
us,debugger,debugger_257350,func_160021FC,369107452,0,asm
us,debugger,debugger_257350,func_160021FC.NON_MATCHING,369107452,1680,c
us,debugger,debugger_257350,func_1600288C.NON_MATCHING,369109132,0,c
us,debugger,debugger_257350,func_1600288C,369109132,1184,asm
us,debugger,debugger_257350,func_16002D2C.NON_MATCHING,369110316,0,c
us,debugger,debugger_257350,func_16002D2C,369110316,184,asm
us,debugger,debugger_257350,func_16002DE4.NON_MATCHING,369110500,0,c
us,debugger,debugger_257350,func_16002DE4,369110500,1476,asm
us,debugger,debugger_257350,func_160033A8,369111976,0,asm
us,debugger,debugger_257350,func_160033A8.NON_MATCHING,369111976,680,c
us,debugger,debugger_258ED0,func_16003650.NON_MATCHING,369112656,0,c
us,debugger,debugger_258ED0,func_16003650,369112656,160,asm
us,debugger,debugger_258ED0,D_160036F0,369112816,0,c
us,debugger,debugger_258ED0,D_160036F0.NON_MATCHING,369112816,3,c
us,debugger,debugger_258ED0,D_160036F3.NON_MATCHING,369112819,253,c
us,debugger,debugger_258ED0,D_160037F0,369113072,0,c
us,debugger,debugger_258ED0,D_160037F0.NON_MATCHING,369113072,88,c
us,debugger,debugger_258ED0,D_16003848.NON_MATCHING,369113160,64,c
us,debugger,debugger_258ED0,D_16003888.NON_MATCHING,369113224,0,c
us,debugger,debugger_258ED0,D_16003888,369113224,4,c
us,debugger,debugger_258ED0,D_1600388C.NON_MATCHING,369113228,4,c
us,debugger,debugger_258ED0,D_16003890.NON_MATCHING,369113232,4,c
us,debugger,debugger_258ED0,D_16003894.NON_MATCHING,369113236,0,c
us,debugger,debugger_258ED0,D_16003894,369113236,4,c
us,debugger,debugger_258ED0,D_16003898.NON_MATCHING,369113240,0,c
us,debugger,debugger_258ED0,D_16003898,369113240,4,c
us,debugger,debugger_258ED0,D_1600389C.NON_MATCHING,369113244,4,c
us,debugger,debugger_258ED0,D_160038A0.NON_MATCHING,369113248,4,c
us,debugger,debugger_258ED0,D_160038A4.NON_MATCHING,369113252,4,c
us,debugger,debugger_258ED0,D_160038A8.NON_MATCHING,369113256,0,c
us,debugger,debugger_258ED0,D_160038A8,369113256,4,c
us,debugger,debugger_258ED0,D_160038AC.NON_MATCHING,369113260,0,c
us,debugger,debugger_258ED0,D_160038AC,369113260,128,c
us,debugger,debugger_258ED0,D_1600392C,369113388,0,c
us,debugger,debugger_258ED0,D_1600392C.NON_MATCHING,369113388,128,c
us,debugger,debugger_258ED0,D_160039AC,369113516,0,c
us,debugger,debugger_258ED0,D_160039AC.NON_MATCHING,369113516,60,c
us,debugger,debugger_258ED0,D_160039E8.NON_MATCHING,369113576,0,c
us,debugger,debugger_258ED0,D_160039E8,369113576,68,c
us,debugger,debugger_258ED0,D_16003A2C,369113644,0,c
us,debugger,debugger_258ED0,D_16003A2C.NON_MATCHING,369113644,60,c
us,debugger,debugger_258ED0,D_16003A68,369113704,0,c
us,debugger,debugger_258ED0,D_16003A68.NON_MATCHING,369113704,136,c
us,debugger,debugger_258ED0,D_16003AF0.NON_MATCHING,369113840,4,c
us,debugger,debugger_258ED0,D_16003AF4.NON_MATCHING,369113844,4,c
us,debugger,debugger_258ED0,D_16003AF8,369113848,0,c
us,debugger,debugger_258ED0,D_16003AF8.NON_MATCHING,369113848,16,c
us,debugger,debugger_258ED0,D_16003B08.NON_MATCHING,369113864,0,c
us,debugger,debugger_258ED0,D_16003B08,369113864,20,c
us,debugger,debugger_258ED0,D_16003B1C.NON_MATCHING,369113884,4,c
us,debugger,debugger_258ED0,D_16003B20.NON_MATCHING,369113888,8,c
us,debugger,debugger_258ED0,D_16003B28.NON_MATCHING,369113896,8,c
us,debugger,debugger_258ED0,D_16003B30.NON_MATCHING,369113904,0,c
us,debugger,debugger_258ED0,D_16003B30,369113904,24,c
us,debugger,debugger_258ED0,D_16003B48.NON_MATCHING,369113928,0,c
us,debugger,debugger_258ED0,D_16003B48,369113928,4,c
us,debugger,debugger_258ED0,D_16003B4C.NON_MATCHING,369113932,4,c
us,debugger,debugger_258ED0,D_16003B50,369113936,0,c
us,debugger,debugger_258ED0,D_16003B50.NON_MATCHING,369113936,288,c
us,debugger,debugger_258ED0,D_16003C70,369114224,0,c
us,debugger,debugger_258ED0,D_16003C70.NON_MATCHING,369114224,36,c
us,debugger,debugger_258ED0,D_16003C94,369114260,0,c
us,debugger,debugger_258ED0,D_16003C94.NON_MATCHING,369114260,36,c
us,debugger,debugger_258ED0,D_16003CB8.NON_MATCHING,369114296,0,c
us,debugger,debugger_258ED0,D_16003CB8,369114296,20,c
us,debugger,debugger_258ED0,D_16003CCC,369114316,0,c
us,debugger,debugger_258ED0,D_16003CCC.NON_MATCHING,369114316,20,c
us,debugger,debugger_258ED0,D_16003CE0,369114336,0,c
us,debugger,debugger_258ED0,D_16003CE0.NON_MATCHING,369114336,768,c
us,debugger,debugger_258ED0,D_16003FE0,369115104,0,c
us,debugger,debugger_258ED0,D_16003FE0.NON_MATCHING,369115104,4,c
us,debugger,debugger_258ED0,D_16003FE4,369115108,0,c
us,debugger,debugger_258ED0,D_16003FE4.NON_MATCHING,369115108,16,c
us,debugger,debugger_258ED0,D_16003FF4,369115124,0,c
us,debugger,debugger_258ED0,D_16003FF4.NON_MATCHING,369115124,12,c
us,debugger,debugger_258ED0,D_16004000.NON_MATCHING,369115136,0,c
us,debugger,debugger_258ED0,D_16004000,369115136,16,c
us,debugger,debugger_258ED0,D_16004010.NON_MATCHING,369115152,0,c
us,debugger,debugger_258ED0,D_16004010,369115152,12,c
us,debugger,debugger_258ED0,D_1600401C.NON_MATCHING,369115164,0,c
us,debugger,debugger_258ED0,D_1600401C,369115164,8,c
us,debugger,debugger_258ED0,D_16004024,369115172,0,c
us,debugger,debugger_258ED0,D_16004024.NON_MATCHING,369115172,12,c
us,debugger,debugger_258ED0,D_16004030.NON_MATCHING,369115184,0,c
us,debugger,debugger_258ED0,D_16004030,369115184,8,c
us,debugger,debugger_258ED0,D_16004038.NON_MATCHING,369115192,0,c
us,debugger,debugger_258ED0,D_16004038,369115192,16,c
us,debugger,debugger_258ED0,D_16004048,369115208,0,c
us,debugger,debugger_258ED0,D_16004048.NON_MATCHING,369115208,16,c
us,debugger,debugger_258ED0,D_16004058,369115224,0,c
us,debugger,debugger_258ED0,D_16004058.NON_MATCHING,369115224,24,c
us,debugger,debugger_258ED0,D_16004070,369115248,0,c
us,debugger,debugger_258ED0,D_16004070.NON_MATCHING,369115248,12,c
us,debugger,debugger_258ED0,D_1600407C.NON_MATCHING,369115260,0,c
us,debugger,debugger_258ED0,D_1600407C,369115260,16,c
us,debugger,debugger_258ED0,D_1600408C,369115276,0,c
us,debugger,debugger_258ED0,D_1600408C.NON_MATCHING,369115276,24,c
us,debugger,debugger_258ED0,D_160040A4.NON_MATCHING,369115300,0,c
us,debugger,debugger_258ED0,D_160040A4,369115300,12,c
us,debugger,debugger_258ED0,D_160040B0,369115312,0,c
us,debugger,debugger_258ED0,D_160040B0.NON_MATCHING,369115312,12,c
us,debugger,debugger_258ED0,D_160040BC,369115324,0,c
us,debugger,debugger_258ED0,D_160040BC.NON_MATCHING,369115324,24,c
us,debugger,debugger_258ED0,D_160040D4,369115348,0,c
us,debugger,debugger_258ED0,D_160040D4.NON_MATCHING,369115348,28,c
us,debugger,debugger_258ED0,D_160040F0,369115376,0,c
us,debugger,debugger_258ED0,D_160040F0.NON_MATCHING,369115376,44,c
us,debugger,debugger_258ED0,D_1600411C.NON_MATCHING,369115420,0,c
us,debugger,debugger_258ED0,D_1600411C,369115420,56,c
us,debugger,debugger_258ED0,D_16004154,369115476,0,c
us,debugger,debugger_258ED0,D_16004154.NON_MATCHING,369115476,28,c
us,debugger,debugger_258ED0,D_16004170,369115504,0,c
us,debugger,debugger_258ED0,D_16004170.NON_MATCHING,369115504,32,c
us,debugger,debugger_258ED0,D_16004190,369115536,0,c
us,debugger,debugger_258ED0,D_16004190.NON_MATCHING,369115536,32,c
us,debugger,debugger_258ED0,D_160041B0,369115568,0,c
us,debugger,debugger_258ED0,D_160041B0.NON_MATCHING,369115568,36,c
us,debugger,debugger_258ED0,D_160041D4,369115604,0,c
us,debugger,debugger_258ED0,D_160041D4.NON_MATCHING,369115604,24,c
us,debugger,debugger_258ED0,D_160041EC,369115628,0,c
us,debugger,debugger_258ED0,D_160041EC.NON_MATCHING,369115628,44,c
us,debugger,debugger_258ED0,D_16004218,369115672,0,c
us,debugger,debugger_258ED0,D_16004218.NON_MATCHING,369115672,44,c
us,debugger,debugger_258ED0,D_16004244.NON_MATCHING,369115716,0,c
us,debugger,debugger_258ED0,D_16004244,369115716,48,c
us,debugger,debugger_258ED0,D_16004274,369115764,0,c
us,debugger,debugger_258ED0,D_16004274.NON_MATCHING,369115764,36,c
us,debugger,debugger_258ED0,D_16004298,369115800,0,c
us,debugger,debugger_258ED0,D_16004298.NON_MATCHING,369115800,44,c
us,debugger,debugger_258ED0,D_160042C4.NON_MATCHING,369115844,0,c
us,debugger,debugger_258ED0,D_160042C4,369115844,36,c
us,debugger,debugger_258ED0,D_160042E8,369115880,0,c
us,debugger,debugger_258ED0,D_160042E8.NON_MATCHING,369115880,28,c
us,debugger,debugger_258ED0,D_16004304,369115908,0,c
us,debugger,debugger_258ED0,D_16004304.NON_MATCHING,369115908,24,c
us,debugger,debugger_258ED0,D_1600431C.NON_MATCHING,369115932,0,c
us,debugger,debugger_258ED0,D_1600431C,369115932,20,c
us,debugger,debugger_258ED0,D_16004330.NON_MATCHING,369115952,0,c
us,debugger,debugger_258ED0,D_16004330,369115952,16,c
us,debugger,debugger_258ED0,D_16004340.NON_MATCHING,369115968,0,c
us,debugger,debugger_258ED0,D_16004340,369115968,12,c
us,debugger,debugger_258ED0,D_1600434C,369115980,0,c
us,debugger,debugger_258ED0,D_1600434C.NON_MATCHING,369115980,24,c
us,debugger,debugger_258ED0,D_16004364,369116004,0,c
us,debugger,debugger_258ED0,D_16004364.NON_MATCHING,369116004,20,c
us,debugger,debugger_258ED0,D_16004378,369116024,0,c
us,debugger,debugger_258ED0,D_16004378.NON_MATCHING,369116024,32,c
us,debugger,debugger_258ED0,D_16004398.NON_MATCHING,369116056,0,c
us,debugger,debugger_258ED0,D_16004398,369116056,48,c
us,debugger,debugger_258ED0,D_160043C8,369116104,0,c
us,debugger,debugger_258ED0,D_160043C8.NON_MATCHING,369116104,36,c
us,debugger,debugger_258ED0,D_160043EC.NON_MATCHING,369116140,0,c
us,debugger,debugger_258ED0,D_160043EC,369116140,36,c
us,debugger,debugger_258ED0,D_16004410,369116176,0,c
us,debugger,debugger_258ED0,D_16004410.NON_MATCHING,369116176,24,c
us,debugger,debugger_258ED0,D_16004428.NON_MATCHING,369116200,0,c
us,debugger,debugger_258ED0,D_16004428,369116200,24,c
us,debugger,debugger_258ED0,D_16004440,369116224,0,c
us,debugger,debugger_258ED0,D_16004440.NON_MATCHING,369116224,20,c
us,debugger,debugger_258ED0,D_16004454.NON_MATCHING,369116244,0,c
us,debugger,debugger_258ED0,D_16004454,369116244,32,c
us,debugger,debugger_258ED0,D_16004474,369116276,0,c
us,debugger,debugger_258ED0,D_16004474.NON_MATCHING,369116276,32,c
us,debugger,debugger_258ED0,D_16004494,369116308,0,c
us,debugger,debugger_258ED0,D_16004494.NON_MATCHING,369116308,32,c
us,debugger,debugger_258ED0,D_160044B4,369116340,0,c
us,debugger,debugger_258ED0,D_160044B4.NON_MATCHING,369116340,28,c
us,debugger,debugger_258ED0,D_160044D0.NON_MATCHING,369116368,0,c
us,debugger,debugger_258ED0,D_160044D0,369116368,32,c
us,debugger,debugger_258ED0,D_160044F0,369116400,0,c
us,debugger,debugger_258ED0,D_160044F0.NON_MATCHING,369116400,36,c
us,debugger,debugger_258ED0,D_16004514,369116436,0,c
us,debugger,debugger_258ED0,D_16004514.NON_MATCHING,369116436,32,c
us,debugger,debugger_258ED0,D_16004534.NON_MATCHING,369116468,0,c
us,debugger,debugger_258ED0,D_16004534,369116468,32,c
us,debugger,debugger_258ED0,D_16004554.NON_MATCHING,369116500,0,c
us,debugger,debugger_258ED0,D_16004554,369116500,28,c
us,debugger,debugger_258ED0,D_16004570,369116528,0,c
us,debugger,debugger_258ED0,D_16004570.NON_MATCHING,369116528,24,c
us,debugger,debugger_258ED0,D_16004588,369116552,0,c
us,debugger,debugger_258ED0,D_16004588.NON_MATCHING,369116552,24,c
us,debugger,debugger_258ED0,D_160045A0,369116576,0,c
us,debugger,debugger_258ED0,D_160045A0.NON_MATCHING,369116576,24,c
us,debugger,debugger_258ED0,D_160045B8,369116600,0,c
us,debugger,debugger_258ED0,D_160045B8.NON_MATCHING,369116600,12,c
us,debugger,debugger_258ED0,D_160045C4.NON_MATCHING,369116612,0,c
us,debugger,debugger_258ED0,D_160045C4,369116612,20,c
us,debugger,debugger_258ED0,D_160045D8,369116632,0,c
us,debugger,debugger_258ED0,D_160045D8.NON_MATCHING,369116632,20,c
us,debugger,debugger_258ED0,D_160045EC.NON_MATCHING,369116652,0,c
us,debugger,debugger_258ED0,D_160045EC,369116652,16,c
us,debugger,debugger_258ED0,D_160045FC,369116668,0,c
us,debugger,debugger_258ED0,D_160045FC.NON_MATCHING,369116668,20,c
us,debugger,debugger_258ED0,D_16004610,369116688,0,c
us,debugger,debugger_258ED0,D_16004610.NON_MATCHING,369116688,16,c
us,debugger,debugger_258ED0,D_16004620,369116704,0,c
us,debugger,debugger_258ED0,D_16004620.NON_MATCHING,369116704,16,c
us,debugger,debugger_258ED0,D_16004630.NON_MATCHING,369116720,0,c
us,debugger,debugger_258ED0,D_16004630,369116720,20,c
us,debugger,debugger_258ED0,D_16004644.NON_MATCHING,369116740,0,c
us,debugger,debugger_258ED0,D_16004644,369116740,8,c
us,debugger,debugger_258ED0,D_1600464C,369116748,0,c
us,debugger,debugger_258ED0,D_1600464C.NON_MATCHING,369116748,12,c
us,debugger,debugger_258ED0,D_16004658,369116760,0,c
us,debugger,debugger_258ED0,D_16004658.NON_MATCHING,369116760,16,c
us,debugger,debugger_258ED0,D_16004668,369116776,0,c
us,debugger,debugger_258ED0,D_16004668.NON_MATCHING,369116776,20,c
us,debugger,debugger_258ED0,D_1600467C,369116796,0,c
us,debugger,debugger_258ED0,D_1600467C.NON_MATCHING,369116796,20,c
us,debugger,debugger_258ED0,D_16004690.NON_MATCHING,369116816,0,c
us,debugger,debugger_258ED0,D_16004690,369116816,8,c
us,debugger,debugger_258ED0,D_16004698,369116824,0,c
us,debugger,debugger_258ED0,D_16004698.NON_MATCHING,369116824,4,c
us,debugger,debugger_258ED0,D_1600469C.NON_MATCHING,369116828,0,c
us,debugger,debugger_258ED0,D_1600469C,369116828,16,c
us,debugger,debugger_258ED0,D_160046AC,369116844,0,c
us,debugger,debugger_258ED0,D_160046AC.NON_MATCHING,369116844,16,c
us,debugger,debugger_258ED0,D_160046BC.NON_MATCHING,369116860,0,c
us,debugger,debugger_258ED0,D_160046BC,369116860,12,c
us,debugger,debugger_258ED0,D_160046C8.NON_MATCHING,369116872,0,c
us,debugger,debugger_258ED0,D_160046C8,369116872,8,c
us,debugger,debugger_258ED0,D_160046D0,369116880,0,c
us,debugger,debugger_258ED0,D_160046D0.NON_MATCHING,369116880,12,c
us,debugger,debugger_258ED0,D_160046DC,369116892,0,c
us,debugger,debugger_258ED0,D_160046DC.NON_MATCHING,369116892,12,c
us,debugger,debugger_258ED0,D_160046E8.NON_MATCHING,369116904,0,c
us,debugger,debugger_258ED0,D_160046E8,369116904,12,c
us,debugger,debugger_258ED0,D_160046F4,369116916,0,c
us,debugger,debugger_258ED0,D_160046F4.NON_MATCHING,369116916,12,c
us,debugger,debugger_258ED0,D_16004700.NON_MATCHING,369116928,0,c
us,debugger,debugger_258ED0,D_16004700,369116928,8,c
us,debugger,debugger_258ED0,D_16004708.NON_MATCHING,369116936,0,c
us,debugger,debugger_258ED0,D_16004708,369116936,8,c
us,debugger,debugger_258ED0,D_16004710,369116944,0,c
us,debugger,debugger_258ED0,D_16004710.NON_MATCHING,369116944,12,c
us,debugger,debugger_258ED0,D_1600471C,369116956,0,c
us,debugger,debugger_258ED0,D_1600471C.NON_MATCHING,369116956,12,c
us,debugger,debugger_258ED0,D_16004728.NON_MATCHING,369116968,0,c
us,debugger,debugger_258ED0,D_16004728,369116968,4,c
us,debugger,debugger_258ED0,D_1600472C.NON_MATCHING,369116972,0,c
us,debugger,debugger_258ED0,D_1600472C,369116972,8,c
us,debugger,debugger_258ED0,D_16004734,369116980,0,c
us,debugger,debugger_258ED0,D_16004734.NON_MATCHING,369116980,4,c
us,debugger,debugger_258ED0,D_16004738,369116984,0,c
us,debugger,debugger_258ED0,D_16004738.NON_MATCHING,369116984,8,c
us,debugger,debugger_258ED0,D_16004740,369116992,0,c
us,debugger,debugger_258ED0,D_16004740.NON_MATCHING,369116992,8,c
us,debugger,debugger_258ED0,D_16004748,369117000,0,c
us,debugger,debugger_258ED0,D_16004748.NON_MATCHING,369117000,12,c
us,debugger,debugger_258ED0,D_16004754.NON_MATCHING,369117012,0,c
us,debugger,debugger_258ED0,D_16004754,369117012,12,c
us,debugger,debugger_258ED0,D_16004760.NON_MATCHING,369117024,0,c
us,debugger,debugger_258ED0,D_16004760,369117024,12,c
us,debugger,debugger_258ED0,D_1600476C,369117036,0,c
us,debugger,debugger_258ED0,D_1600476C.NON_MATCHING,369117036,12,c
us,debugger,debugger_258ED0,D_16004778,369117048,0,c
us,debugger,debugger_258ED0,D_16004778.NON_MATCHING,369117048,12,c
us,debugger,debugger_258ED0,D_16004784.NON_MATCHING,369117060,0,c
us,debugger,debugger_258ED0,D_16004784,369117060,12,c
us,debugger,debugger_258ED0,D_16004790,369117072,0,c
us,debugger,debugger_258ED0,D_16004790.NON_MATCHING,369117072,20,c
us,debugger,debugger_258ED0,D_160047A4,369117092,0,c
us,debugger,debugger_258ED0,D_160047A4.NON_MATCHING,369117092,8,c
us,debugger,debugger_258ED0,D_160047AC.NON_MATCHING,369117100,0,c
us,debugger,debugger_258ED0,D_160047AC,369117100,4,c
us,debugger,debugger_258ED0,D_160047B0.NON_MATCHING,369117104,0,c
us,debugger,debugger_258ED0,D_160047B0,369117104,12,c
us,debugger,debugger_258ED0,D_160047BC.NON_MATCHING,369117116,0,c
us,debugger,debugger_258ED0,D_160047BC,369117116,4,c
us,debugger,debugger_258ED0,D_160047C0,369117120,0,c
us,debugger,debugger_258ED0,D_160047C0.NON_MATCHING,369117120,16,c
us,debugger,debugger_258ED0,D_160047D0,369117136,0,c
us,debugger,debugger_258ED0,D_160047D0.NON_MATCHING,369117136,4,c
us,debugger,debugger_258ED0,D_160047D4,369117140,0,c
us,debugger,debugger_258ED0,D_160047D4.NON_MATCHING,369117140,8,c
us,debugger,debugger_258ED0,D_160047DC.NON_MATCHING,369117148,0,c
us,debugger,debugger_258ED0,D_160047DC,369117148,4,c
us,debugger,debugger_258ED0,D_160047E0.NON_MATCHING,369117152,0,c
us,debugger,debugger_258ED0,D_160047E0,369117152,4,c
us,debugger,debugger_258ED0,D_160047E4.NON_MATCHING,369117156,0,c
us,debugger,debugger_258ED0,D_160047E4,369117156,4,c
us,debugger,debugger_258ED0,D_160047E8.NON_MATCHING,369117160,0,c
us,debugger,debugger_258ED0,D_160047E8,369117160,8,c
us,debugger,debugger_258ED0,D_160047F0.NON_MATCHING,369117168,0,c
us,debugger,debugger_258ED0,D_160047F0,369117168,4,c
us,debugger,debugger_258ED0,D_160047F4.NON_MATCHING,369117172,0,c
us,debugger,debugger_258ED0,D_160047F4,369117172,12,c
us,debugger,debugger_258ED0,D_16004800,369117184,0,c
us,debugger,debugger_258ED0,D_16004800.NON_MATCHING,369117184,4,c
us,debugger,debugger_258ED0,D_16004804,369117188,0,c
us,debugger,debugger_258ED0,D_16004804.NON_MATCHING,369117188,8,c
us,debugger,debugger_258ED0,D_1600480C,369117196,0,c
us,debugger,debugger_258ED0,D_1600480C.NON_MATCHING,369117196,28,c
us,debugger,debugger_258ED0,D_16004828,369117224,0,c
us,debugger,debugger_258ED0,D_16004828.NON_MATCHING,369117224,72,c
us,debugger,debugger_258ED0,D_16004870,369117296,0,c
us,debugger,debugger_258ED0,D_16004870.NON_MATCHING,369117296,4,c
us,debugger,debugger_258ED0,D_16004874.NON_MATCHING,369117300,0,c
us,debugger,debugger_258ED0,D_16004874,369117300,4,c
us,debugger,debugger_258ED0,D_16004878.NON_MATCHING,369117304,0,c
us,debugger,debugger_258ED0,D_16004878,369117304,4,c
us,debugger,debugger_258ED0,D_1600487C.NON_MATCHING,369117308,0,c
us,debugger,debugger_258ED0,D_1600487C,369117308,212,c
us,debugger,debugger_258ED0,D_16004950.NON_MATCHING,369117520,0,c
us,debugger,debugger_258ED0,D_16004950,369117520,1032,c
